{
  "SceneManager": [
    {
      "name": "Scene_01",
      "Entities": [
        {
          "Name": "Bob",
          "Components": [
            {
              "className": "Component",
              "id": 1001
            }
          ]
        },
        {
          "Name": "Fred",
          "Components": [
            {
              "className": "Component",
              "id": 2001
            },
            {
              "className": "Component",
              "id": 2002
            }
          ]
        },
        {
          "Name": "Mary",
          "Components": [
            {
              "className": "Component",
              "id": 3001
            },
            {
              "className": "Component",
              "id": 3002
            },
            {
              "className": "Component",
              "id": 3003
            }
          ]
        }
      ]    
    }
  ]
}